"agri_shipper_name","individual_shipper_name","prefecture_name","rows"
"01_4___出荷者","01_4_10__出荷者",北海道,"[{""amount"": 20706, ""shipper_name"": ""01_4_10_20361_出荷者"", ""shipper_personal_code"": ""20361""}, {""amount"": 251762, ""shipper_name"": ""01_4_10_29205_出荷者"", ""shipper_personal_code"": ""29205""}, {""amount"": 142206, ""shipper_name"": ""01_4_10_31107_出荷者"", ""shipper_personal_code"": ""31107""}, {""amount"": 216122, ""shipper_name"": ""01_4_10_35596_出荷者"", ""shipper_personal_code"": ""35596""}]"
"01_5___出荷者","01_5___出荷者",北海道,"[{""amount"": 169463, ""shipper_name"": ""01_5__1057_出荷者"", ""shipper_personal_code"": ""1057""}]"
"03_5___出荷者","03_5___出荷者",岩手県,"[{""amount"": 97765, ""shipper_name"": ""03_5__29_出荷者"", ""shipper_personal_code"": ""29""}]"
"06_3___出荷者","06_3_100__出荷者",山形県,"[{""amount"": 184799, ""shipper_name"": ""06_3_100_68_出荷者"", ""shipper_personal_code"": ""68""}, {""amount"": 404897, ""shipper_name"": ""06_3_100_103_出荷者"", ""shipper_personal_code"": ""103""}, {""amount"": 236570, ""shipper_name"": ""06_3_100_108_出荷者"", ""shipper_personal_code"": ""108""}, {""amount"": 353401, ""shipper_name"": ""06_3_100_110_出荷者"", ""shipper_personal_code"": ""110""}]"
"06_5___出荷者","06_5___出荷者",山形県,"[{""amount"": 481615, ""shipper_name"": ""06_5__66_出荷者"", ""shipper_personal_code"": ""66""}]"
"07_5___出荷者","07_5___出荷者",福島県,"[{""amount"": 35584, ""shipper_name"": ""07_5__831_出荷者"", ""shipper_personal_code"": ""831""}, {""amount"": 148667, ""shipper_name"": ""07_5__873_出荷者"", ""shipper_personal_code"": ""873""}]"
"08_3___出荷者","08_3_100__出荷者",茨城県,"[{""amount"": 50292, ""shipper_name"": ""08_3_100_402_出荷者"", ""shipper_personal_code"": ""402""}, {""amount"": 13068, ""shipper_name"": ""08_3_100_405_出荷者"", ""shipper_personal_code"": ""405""}, {""amount"": 4989, ""shipper_name"": ""08_3_100_406_出荷者"", ""shipper_personal_code"": ""406""}, {""amount"": 52182, ""shipper_name"": ""08_3_100_413_出荷者"", ""shipper_personal_code"": ""413""}, {""amount"": 6534, ""shipper_name"": ""08_3_100_415_出荷者"", ""shipper_personal_code"": ""415""}, {""amount"": 41926, ""shipper_name"": ""08_3_100_419_出荷者"", ""shipper_personal_code"": ""419""}, {""amount"": 26373, ""shipper_name"": ""08_3_100_425_出荷者"", ""shipper_personal_code"": ""425""}, {""amount"": 32076, ""shipper_name"": ""08_3_100_427_出荷者"", ""shipper_personal_code"": ""427""}, {""amount"": 29457, ""shipper_name"": ""08_3_100_444_出荷者"", ""shipper_personal_code"": ""444""}, {""amount"": 3326, ""shipper_name"": ""08_3_100_447_出荷者"", ""shipper_personal_code"": ""447""}, {""amount"": 7950, ""shipper_name"": ""08_3_100_617_出荷者"", ""shipper_personal_code"": ""617""}, {""amount"": 17424, ""shipper_name"": ""08_3_100_803_出荷者"", ""shipper_personal_code"": ""803""}, {""amount"": 37778, ""shipper_name"": ""08_3_100_806_出荷者"", ""shipper_personal_code"": ""806""}, {""amount"": 5128, ""shipper_name"": ""08_3_100_811_出荷者"", ""shipper_personal_code"": ""811""}, {""amount"": 79675, ""shipper_name"": ""08_3_100_819_出荷者"", ""shipper_personal_code"": ""819""}, {""amount"": 6730, ""shipper_name"": ""08_3_100_820_出荷者"", ""shipper_personal_code"": ""820""}, {""amount"": 34809, ""shipper_name"": ""08_3_100_821_出荷者"", ""shipper_personal_code"": ""821""}, {""amount"": 9484, ""shipper_name"": ""08_3_100_901_出荷者"", ""shipper_personal_code"": ""901""}]"
"08_5___出荷者","08_5___出荷者",茨城県,"[{""amount"": 4081443, ""shipper_name"": ""08_5__1359_出荷者"", ""shipper_personal_code"": ""1359""}]"
,"08_7_3__出荷者",茨城県,"[{""amount"": 357132, ""shipper_name"": ""08_7_3_132_出荷者"", ""shipper_personal_code"": ""132""}]"
"09_5___出荷者","09_5___出荷者",栃木県,"[{""amount"": 979267, ""shipper_name"": ""09_5__206_出荷者"", ""shipper_personal_code"": ""206""}, {""amount"": 1212253, ""shipper_name"": ""09_5__211_出荷者"", ""shipper_personal_code"": ""211""}, {""amount"": 137433, ""shipper_name"": ""09_5__212_出荷者"", ""shipper_personal_code"": ""212""}, {""amount"": 858820, ""shipper_name"": ""09_5__216_出荷者"", ""shipper_personal_code"": ""216""}, {""amount"": 49385, ""shipper_name"": ""09_5__219_出荷者"", ""shipper_personal_code"": ""219""}, {""amount"": 23866, ""shipper_name"": ""09_5__236_出荷者"", ""shipper_personal_code"": ""236""}, {""amount"": 372619, ""shipper_name"": ""09_5__240_出荷者"", ""shipper_personal_code"": ""240""}]"
"11_5___出荷者","11_5___出荷者",埼玉県,"[{""amount"": 230005, ""shipper_name"": ""11_5__2091_出荷者"", ""shipper_personal_code"": ""2091""}, {""amount"": 61735, ""shipper_name"": ""11_5__2305_出荷者"", ""shipper_personal_code"": ""2305""}]"
,"11_7_1511__出荷者",埼玉県,"[{""amount"": 42044, ""shipper_name"": ""11_7_1511_5-05036_出荷者"", ""shipper_personal_code"": ""5-05036""}, {""amount"": 8327, ""shipper_name"": ""11_7_1511_5-11016_出荷者"", ""shipper_personal_code"": ""5-11016""}]"
,"11_7_11203__出荷者",埼玉県,"[{""amount"": 83100, ""shipper_name"": ""11_7_11203_114_出荷者"", ""shipper_personal_code"": ""114""}, {""amount"": 20651, ""shipper_name"": ""11_7_11203_202_出荷者"", ""shipper_personal_code"": ""202""}]"
"12_3___出荷者","12_3_10__出荷者",千葉県,"[{""amount"": 691146, ""shipper_name"": ""12_3_10__出荷者"", ""shipper_personal_code"": null}]"
"12_3___出荷者","12_3_65101__出荷者",千葉県,"[{""amount"": 738112, ""shipper_name"": ""12_3_65101_01_出荷者"", ""shipper_personal_code"": ""01""}, {""amount"": 583460, ""shipper_name"": ""12_3_65101_52901_出荷者"", ""shipper_personal_code"": ""52901""}]"
"12_5___出荷者","12_5___出荷者",千葉県,"[{""amount"": 33508, ""shipper_name"": ""12_5__117_出荷者"", ""shipper_personal_code"": ""117""}, {""amount"": 165843, ""shipper_name"": ""12_5__458_出荷者"", ""shipper_personal_code"": ""458""}]"
,"12_7_1__出荷者",千葉県,"[{""amount"": 12733, ""shipper_name"": ""12_7_1_9_出荷者"", ""shipper_personal_code"": ""9""}, {""amount"": 5575, ""shipper_name"": ""12_7_1_61_出荷者"", ""shipper_personal_code"": ""61""}, {""amount"": 19174, ""shipper_name"": ""12_7_1_83_出荷者"", ""shipper_personal_code"": ""83""}]"
,"12_7_6__出荷者",千葉県,"[{""amount"": 16946, ""shipper_name"": ""12_7_6_010008_出荷者"", ""shipper_personal_code"": ""010008""}, {""amount"": 553351, ""shipper_name"": ""12_7_6_010026_出荷者"", ""shipper_personal_code"": ""010026""}, {""amount"": 214404, ""shipper_name"": ""12_7_6_010027_出荷者"", ""shipper_personal_code"": ""010027""}, {""amount"": 40403, ""shipper_name"": ""12_7_6_050047_出荷者"", ""shipper_personal_code"": ""050047""}]"
,"12_7_7__出荷者",千葉県,"[{""amount"": 17140, ""shipper_name"": ""12_7_7_74_出荷者"", ""shipper_personal_code"": ""74""}]"
,"12_7_8__出荷者",千葉県,"[{""amount"": 13483, ""shipper_name"": ""12_7_8_5_出荷者"", ""shipper_personal_code"": ""5""}, {""amount"": 55188, ""shipper_name"": ""12_7_8_59_出荷者"", ""shipper_personal_code"": ""59""}, {""amount"": 2482, ""shipper_name"": ""12_7_8_99_出荷者"", ""shipper_personal_code"": ""99""}]"
,"12_7_9__出荷者",千葉県,"[{""amount"": 8156, ""shipper_name"": ""12_7_9_591_出荷者"", ""shipper_personal_code"": ""591""}, {""amount"": 63622, ""shipper_name"": ""12_7_9_730_出荷者"", ""shipper_personal_code"": ""730""}]"
,"12_7_10__出荷者",千葉県,"[{""amount"": 7260, ""shipper_name"": ""12_7_10_2101_出荷者"", ""shipper_personal_code"": ""2101""}]"
,"12_7_14__出荷者",千葉県,"[{""amount"": 120857, ""shipper_name"": ""12_7_14_269_出荷者"", ""shipper_personal_code"": ""269""}]"
,"12_7_16__出荷者",千葉県,"[{""amount"": 34324, ""shipper_name"": ""12_7_16_12_出荷者"", ""shipper_personal_code"": ""12""}, {""amount"": 12146, ""shipper_name"": ""12_7_16_20_出荷者"", ""shipper_personal_code"": ""20""}, {""amount"": 397020, ""shipper_name"": ""12_7_16_705_出荷者"", ""shipper_personal_code"": ""705""}]"
,"12_7_17__出荷者",千葉県,"[{""amount"": 18445, ""shipper_name"": ""12_7_17_44_出荷者"", ""shipper_personal_code"": ""44""}, {""amount"": 337877, ""shipper_name"": ""12_7_17_78_出荷者"", ""shipper_personal_code"": ""78""}]"
,"12_7_24__出荷者",千葉県,"[{""amount"": 186162, ""shipper_name"": ""12_7_24_52_出荷者"", ""shipper_personal_code"": ""52""}]"
,"12_7_47__出荷者",千葉県,"[{""amount"": 9693, ""shipper_name"": ""12_7_47_15_出荷者"", ""shipper_personal_code"": ""15""}, {""amount"": 60945, ""shipper_name"": ""12_7_47_160_出荷者"", ""shipper_personal_code"": ""160""}, {""amount"": 1489, ""shipper_name"": ""12_7_47_212_出荷者"", ""shipper_personal_code"": ""212""}]"
,"12_7_51__出荷者",千葉県,"[{""amount"": 70142, ""shipper_name"": ""12_7_51_5605_出荷者"", ""shipper_personal_code"": ""5605""}, {""amount"": 108776, ""shipper_name"": ""12_7_51_7611_出荷者"", ""shipper_personal_code"": ""7611""}]"
"13_3___出荷者","13_3_100__出荷者",東京都,"[{""amount"": 97009, ""shipper_name"": ""13_3_100__出荷者"", ""shipper_personal_code"": null}]"
"13_3___出荷者","13_3_200__出荷者",東京都,"[{""amount"": 6018, ""shipper_name"": ""13_3_200__出荷者"", ""shipper_personal_code"": null}, {""amount"": 160258, ""shipper_name"": ""13_3_200_2_出荷者"", ""shipper_personal_code"": ""2""}, {""amount"": 161703, ""shipper_name"": ""13_3_200_3_出荷者"", ""shipper_personal_code"": ""3""}]"
"13_3___出荷者","13_3_400__出荷者",東京都,"[{""amount"": 6435, ""shipper_name"": ""13_3_400__出荷者"", ""shipper_personal_code"": null}]"
"13_5___出荷者","13_5___出荷者",東京都,"[{""amount"": 10055, ""shipper_name"": ""13_5__4722_出荷者"", ""shipper_personal_code"": ""4722""}, {""amount"": 4977, ""shipper_name"": ""13_5__4733_出荷者"", ""shipper_personal_code"": ""4733""}, {""amount"": 83421, ""shipper_name"": ""13_5__4738_出荷者"", ""shipper_personal_code"": ""4738""}, {""amount"": 86500, ""shipper_name"": ""13_5__4739_出荷者"", ""shipper_personal_code"": ""4739""}, {""amount"": 41264, ""shipper_name"": ""13_5__4788_出荷者"", ""shipper_personal_code"": ""4788""}, {""amount"": 73312, ""shipper_name"": ""13_5__4792_出荷者"", ""shipper_personal_code"": ""4792""}]"
,"14_7_5__出荷者",神奈川県,"[{""amount"": 65583, ""shipper_name"": ""14_7_5_128_出荷者"", ""shipper_personal_code"": ""128""}]"
"16_3___出荷者","16_3_1__出荷者",富山県,"[{""amount"": 43801, ""shipper_name"": ""16_3_1__出荷者"", ""shipper_personal_code"": null}]"
"16_5___出荷者","16_5___出荷者",富山県,"[{""amount"": 538169, ""shipper_name"": ""16_5__15_出荷者"", ""shipper_personal_code"": ""15""}]"
"20_5___出荷者","20_5___出荷者",長野県,"[{""amount"": 84326, ""shipper_name"": ""20_5__1510_出荷者"", ""shipper_personal_code"": ""1510""}, {""amount"": 256165, ""shipper_name"": ""20_5__1513_出荷者"", ""shipper_personal_code"": ""1513""}, {""amount"": 381820, ""shipper_name"": ""20_5__1532_出荷者"", ""shipper_personal_code"": ""1532""}, {""amount"": 71327, ""shipper_name"": ""20_5__1533_出荷者"", ""shipper_personal_code"": ""1533""}]"
"20_5___出荷者","20_5_44__出荷者",長野県,"[{""amount"": 11116, ""shipper_name"": ""20_5_44_207_出荷者"", ""shipper_personal_code"": ""207""}, {""amount"": 6166, ""shipper_name"": ""20_5_44_270_出荷者"", ""shipper_personal_code"": ""270""}, {""amount"": 18626, ""shipper_name"": ""20_5_44_275_出荷者"", ""shipper_personal_code"": ""275""}]"
,"20_7_198__出荷者",長野県,"[{""amount"": 27291, ""shipper_name"": ""20_7_198_602_出荷者"", ""shipper_personal_code"": ""602""}]"
,"20_7_482__出荷者",長野県,"[{""amount"": 8177, ""shipper_name"": ""20_7_482_020050_出荷者"", ""shipper_personal_code"": ""020050""}, {""amount"": 349226, ""shipper_name"": ""20_7_482_020323_出荷者"", ""shipper_personal_code"": ""020323""}, {""amount"": 35668, ""shipper_name"": ""20_7_482_030193_出荷者"", ""shipper_personal_code"": ""030193""}]"
,"20_7_530__出荷者",長野県,"[{""amount"": 7216, ""shipper_name"": ""20_7_530_116_出荷者"", ""shipper_personal_code"": ""116""}]"
,"20_7_671__出荷者",長野県,"[{""amount"": 816093, ""shipper_name"": ""20_7_671_234_出荷者"", ""shipper_personal_code"": ""234""}, {""amount"": 23198, ""shipper_name"": ""20_7_671_247_出荷者"", ""shipper_personal_code"": ""247""}, {""amount"": 8710, ""shipper_name"": ""20_7_671_1329_出荷者"", ""shipper_personal_code"": ""1329""}]"
,"20_7_207-04__出荷者",長野県,"[{""amount"": 101614, ""shipper_name"": ""20_7_207-04_13_出荷者"", ""shipper_personal_code"": ""13""}]"
,"21_7_70__出荷者",岐阜県,"[{""amount"": 26503, ""shipper_name"": ""21_7_70_003_出荷者"", ""shipper_personal_code"": ""003""}, {""amount"": -1128, ""shipper_name"": ""21_7_70_006_出荷者"", ""shipper_personal_code"": ""006""}, {""amount"": 8524, ""shipper_name"": ""21_7_70_012_出荷者"", ""shipper_personal_code"": ""012""}, {""amount"": 5026, ""shipper_name"": ""21_7_70_018_出荷者"", ""shipper_personal_code"": ""018""}, {""amount"": 2031, ""shipper_name"": ""21_7_70_024_出荷者"", ""shipper_personal_code"": ""024""}, {""amount"": 8058, ""shipper_name"": ""21_7_70_108_出荷者"", ""shipper_personal_code"": ""108""}, {""amount"": 7996, ""shipper_name"": ""21_7_70_116_出荷者"", ""shipper_personal_code"": ""116""}, {""amount"": 23291, ""shipper_name"": ""21_7_70_127_出荷者"", ""shipper_personal_code"": ""127""}, {""amount"": 2948, ""shipper_name"": ""21_7_70_153_出荷者"", ""shipper_personal_code"": ""153""}, {""amount"": 7811, ""shipper_name"": ""21_7_70_167_出荷者"", ""shipper_personal_code"": ""167""}, {""amount"": 19522, ""shipper_name"": ""21_7_70_181_出荷者"", ""shipper_personal_code"": ""181""}, {""amount"": 70190, ""shipper_name"": ""21_7_70_190_出荷者"", ""shipper_personal_code"": ""190""}, {""amount"": 24571, ""shipper_name"": ""21_7_70_194_出荷者"", ""shipper_personal_code"": ""194""}, {""amount"": 5086, ""shipper_name"": ""21_7_70_310_出荷者"", ""shipper_personal_code"": ""310""}, {""amount"": 5398, ""shipper_name"": ""21_7_70_311_出荷者"", ""shipper_personal_code"": ""311""}, {""amount"": 2791, ""shipper_name"": ""21_7_70_312_出荷者"", ""shipper_personal_code"": ""312""}]"
"22_3___出荷者","22_3_18__出荷者",静岡県,"[{""amount"": 5504, ""shipper_name"": ""22_3_18_001_出荷者"", ""shipper_personal_code"": ""001""}]"
"23_4___出荷者","23_4_10__出荷者",愛知県,"[{""amount"": 12473, ""shipper_name"": ""23_4_10_020_出荷者"", ""shipper_personal_code"": ""020""}, {""amount"": 1386, ""shipper_name"": ""23_4_10_056_出荷者"", ""shipper_personal_code"": ""056""}, {""amount"": 9979, ""shipper_name"": ""23_4_10_104_出荷者"", ""shipper_personal_code"": ""104""}, {""amount"": 115770, ""shipper_name"": ""23_4_10_105_出荷者"", ""shipper_personal_code"": ""105""}, {""amount"": 114078, ""shipper_name"": ""23_4_10_107_出荷者"", ""shipper_personal_code"": ""107""}, {""amount"": 7920, ""shipper_name"": ""23_4_10_112_出荷者"", ""shipper_personal_code"": ""112""}, {""amount"": 22077, ""shipper_name"": ""23_4_10_113_出荷者"", ""shipper_personal_code"": ""113""}, {""amount"": 6831, ""shipper_name"": ""23_4_10_119_出荷者"", ""shipper_personal_code"": ""119""}, {""amount"": 25195, ""shipper_name"": ""23_4_10_135_出荷者"", ""shipper_personal_code"": ""135""}, {""amount"": 10692, ""shipper_name"": ""23_4_10_147_出荷者"", ""shipper_personal_code"": ""147""}, {""amount"": 10573, ""shipper_name"": ""23_4_10_148_出荷者"", ""shipper_personal_code"": ""148""}, {""amount"": 26730, ""shipper_name"": ""23_4_10_156_出荷者"", ""shipper_personal_code"": ""156""}, {""amount"": 31481, ""shipper_name"": ""23_4_10_165_出荷者"", ""shipper_personal_code"": ""165""}, {""amount"": 3663, ""shipper_name"": ""23_4_10_182_出荷者"", ""shipper_personal_code"": ""182""}, {""amount"": 16113, ""shipper_name"": ""23_4_10_212_出荷者"", ""shipper_personal_code"": ""212""}, {""amount"": 3089, ""shipper_name"": ""23_4_10_216_出荷者"", ""shipper_personal_code"": ""216""}, {""amount"": 19993, ""shipper_name"": ""23_4_10_218_出荷者"", ""shipper_personal_code"": ""218""}, {""amount"": 5940, ""shipper_name"": ""23_4_10_222_出荷者"", ""shipper_personal_code"": ""222""}]"
"23_4___出荷者","23_4_16__出荷者",愛知県,"[{""amount"": 19740, ""shipper_name"": ""23_4_16_10216_出荷者"", ""shipper_personal_code"": ""10216""}, {""amount"": 16674, ""shipper_name"": ""23_4_16_10706_出荷者"", ""shipper_personal_code"": ""10706""}, {""amount"": 28537, ""shipper_name"": ""23_4_16_20565_出荷者"", ""shipper_personal_code"": ""20565""}, {""amount"": 35446, ""shipper_name"": ""23_4_16_21851_出荷者"", ""shipper_personal_code"": ""21851""}, {""amount"": 65545, ""shipper_name"": ""23_4_16_40526_出荷者"", ""shipper_personal_code"": ""40526""}, {""amount"": 11132, ""shipper_name"": ""23_4_16_60012_出荷者"", ""shipper_personal_code"": ""60012""}, {""amount"": 47053, ""shipper_name"": ""23_4_16_70044_出荷者"", ""shipper_personal_code"": ""70044""}, {""amount"": 12538, ""shipper_name"": ""23_4_16_80861_出荷者"", ""shipper_personal_code"": ""80861""}, {""amount"": 7043, ""shipper_name"": ""23_4_16_80905_出荷者"", ""shipper_personal_code"": ""80905""}, {""amount"": 25649, ""shipper_name"": ""23_4_16_82504_出荷者"", ""shipper_personal_code"": ""82504""}]"
"23_4___出荷者","23_4_17__出荷者",愛知県,"[{""amount"": 73198, ""shipper_name"": ""23_4_17_013_出荷者"", ""shipper_personal_code"": ""013""}, {""amount"": 25612, ""shipper_name"": ""23_4_17_0102_出荷者"", ""shipper_personal_code"": ""0102""}, {""amount"": 8215, ""shipper_name"": ""23_4_17_902_出荷者"", ""shipper_personal_code"": ""902""}, {""amount"": 879, ""shipper_name"": ""23_4_17_3005_出荷者"", ""shipper_personal_code"": ""3005""}]"
"23_4___出荷者","23_4_18__出荷者",愛知県,"[{""amount"": 10173, ""shipper_name"": ""23_4_18_12_出荷者"", ""shipper_personal_code"": ""12""}, {""amount"": 3104, ""shipper_name"": ""23_4_18_14_出荷者"", ""shipper_personal_code"": ""14""}, {""amount"": 19984, ""shipper_name"": ""23_4_18_15_出荷者"", ""shipper_personal_code"": ""15""}, {""amount"": 15578, ""shipper_name"": ""23_4_18_22_出荷者"", ""shipper_personal_code"": ""22""}, {""amount"": 95301, ""shipper_name"": ""23_4_18_23_出荷者"", ""shipper_personal_code"": ""23""}, {""amount"": 8835, ""shipper_name"": ""23_4_18_24_出荷者"", ""shipper_personal_code"": ""24""}, {""amount"": 34449, ""shipper_name"": ""23_4_18_56_出荷者"", ""shipper_personal_code"": ""56""}]"
"23_4___出荷者","23_4_28__出荷者",愛知県,"[{""amount"": 44868, ""shipper_name"": ""23_4_28_118061_出荷者"", ""shipper_personal_code"": ""118061""}, {""amount"": 239008, ""shipper_name"": ""23_4_28_168424_出荷者"", ""shipper_personal_code"": ""168424""}, {""amount"": 100046, ""shipper_name"": ""23_4_28_230090_出荷者"", ""shipper_personal_code"": ""230090""}, {""amount"": 8754, ""shipper_name"": ""23_4_28_230448_出荷者"", ""shipper_personal_code"": ""230448""}, {""amount"": 12785, ""shipper_name"": ""23_4_28_240036_出荷者"", ""shipper_personal_code"": ""240036""}, {""amount"": 33597, ""shipper_name"": ""23_4_28_240206_出荷者"", ""shipper_personal_code"": ""240206""}, {""amount"": 14398, ""shipper_name"": ""23_4_28_240478_出荷者"", ""shipper_personal_code"": ""240478""}, {""amount"": 130097, ""shipper_name"": ""23_4_28_240541_出荷者"", ""shipper_personal_code"": ""240541""}, {""amount"": 99121, ""shipper_name"": ""23_4_28_240711_出荷者"", ""shipper_personal_code"": ""240711""}, {""amount"": 6675, ""shipper_name"": ""23_4_28_241172_出荷者"", ""shipper_personal_code"": ""241172""}, {""amount"": 11795, ""shipper_name"": ""23_4_28_241211_出荷者"", ""shipper_personal_code"": ""241211""}, {""amount"": 71933, ""shipper_name"": ""23_4_28_241521_出荷者"", ""shipper_personal_code"": ""241521""}, {""amount"": 68317, ""shipper_name"": ""23_4_28_242012_出荷者"", ""shipper_personal_code"": ""242012""}, {""amount"": 2885, ""shipper_name"": ""23_4_28_245151_出荷者"", ""shipper_personal_code"": ""245151""}, {""amount"": 14706, ""shipper_name"": ""23_4_28_260266_出荷者"", ""shipper_personal_code"": ""260266""}, {""amount"": 14270, ""shipper_name"": ""23_4_28_260568_出荷者"", ""shipper_personal_code"": ""260568""}, {""amount"": 10607, ""shipper_name"": ""23_4_28_261831_出荷者"", ""shipper_personal_code"": ""261831""}, {""amount"": 19610, ""shipper_name"": ""23_4_28_262307_出荷者"", ""shipper_personal_code"": ""262307""}, {""amount"": 21264, ""shipper_name"": ""23_4_28_263061_出荷者"", ""shipper_personal_code"": ""263061""}]"
"23_5___出荷者","23_5___出荷者",愛知県,"[{""amount"": 46903, ""shipper_name"": ""23_5__965_出荷者"", ""shipper_personal_code"": ""965""}, {""amount"": 43294, ""shipper_name"": ""23_5__992_出荷者"", ""shipper_personal_code"": ""992""}, {""amount"": 1688456, ""shipper_name"": ""23_5__1000_出荷者"", ""shipper_personal_code"": ""1000""}, {""amount"": 329360, ""shipper_name"": ""23_5__1014_出荷者"", ""shipper_personal_code"": ""1014""}, {""amount"": 33652, ""shipper_name"": ""23_5__1100_出荷者"", ""shipper_personal_code"": ""1100""}]"
"23_5___出荷者","23_5_20__出荷者",愛知県,"[{""amount"": 13932, ""shipper_name"": ""23_5_20_170_出荷者"", ""shipper_personal_code"": ""170""}]"
,"23_7_20__出荷者",愛知県,"[{""amount"": 192, ""shipper_name"": ""23_7_20_1514_出荷者"", ""shipper_personal_code"": ""1514""}]"
,"23_7_4-6__出荷者",愛知県,"[{""amount"": 38186, ""shipper_name"": ""23_7_4-6_48_出荷者"", ""shipper_personal_code"": ""48""}]"
"25_5___出荷者","25_5___出荷者",滋賀県,"[{""amount"": 220277, ""shipper_name"": ""25_5__7_出荷者"", ""shipper_personal_code"": ""7""}]"
"27_5___出荷者","27_5___出荷者",大阪府,"[{""amount"": 41143, ""shipper_name"": ""27_5__18_出荷者"", ""shipper_personal_code"": ""18""}]"
"30_5___出荷者","30_5___出荷者",和歌山県,"[{""amount"": 187028, ""shipper_name"": ""30_5__19_出荷者"", ""shipper_personal_code"": ""19""}]"
"30_5___出荷者","30_5_12__出荷者",和歌山県,"[{""amount"": 665929, ""shipper_name"": ""30_5_12_6_出荷者"", ""shipper_personal_code"": ""6""}]"
"37_0___出荷者","37_0_880000__出荷者",香川県,"[{""amount"": 58982, ""shipper_name"": ""37_0_880000__出荷者"", ""shipper_personal_code"": null}]"
"39_5___出荷者","39_5___出荷者",高知県,"[{""amount"": 116681, ""shipper_name"": ""39_5__76_出荷者"", ""shipper_personal_code"": ""76""}, {""amount"": 61865, ""shipper_name"": ""39_5__90_出荷者"", ""shipper_personal_code"": ""90""}, {""amount"": 1070047, ""shipper_name"": ""39_5__99_出荷者"", ""shipper_personal_code"": ""99""}, {""amount"": 645634, ""shipper_name"": ""39_5__100_出荷者"", ""shipper_personal_code"": ""100""}, {""amount"": 891594, ""shipper_name"": ""39_5__109_出荷者"", ""shipper_personal_code"": ""109""}]"
"40_3___出荷者","40_3_20__出荷者",福岡県,"[{""amount"": 14733, ""shipper_name"": ""40_3_20_9_出荷者"", ""shipper_personal_code"": ""9""}, {""amount"": 19761, ""shipper_name"": ""40_3_20_132_出荷者"", ""shipper_personal_code"": ""132""}]"
"40_5___出荷者","40_5___出荷者",福岡県,"[{""amount"": 195203, ""shipper_name"": ""40_5__64_出荷者"", ""shipper_personal_code"": ""64""}]"
"42_3___出荷者","42_3_1__出荷者",長崎県,"[{""amount"": 28621, ""shipper_name"": ""42_3_1_1_出荷者"", ""shipper_personal_code"": ""1""}, {""amount"": 264849, ""shipper_name"": ""42_3_1_5_出荷者"", ""shipper_personal_code"": ""5""}, {""amount"": 151166, ""shipper_name"": ""42_3_1_28_出荷者"", ""shipper_personal_code"": ""28""}]"
"42_5___出荷者","42_5___出荷者",長崎県,"[{""amount"": 2075371, ""shipper_name"": ""42_5__12_出荷者"", ""shipper_personal_code"": ""12""}]"
"43_0___出荷者","43_0_02100__出荷者",熊本県,"[{""amount"": 353898, ""shipper_name"": ""43_0_02100__出荷者"", ""shipper_personal_code"": null}]"
"43_0___出荷者","43_0_02900__出荷者",熊本県,"[{""amount"": 401931, ""shipper_name"": ""43_0_02900_1_出荷者"", ""shipper_personal_code"": ""1""}]"
"43_0___出荷者","43_0_15000__出荷者",熊本県,"[{""amount"": 35241, ""shipper_name"": ""43_0_15000__出荷者"", ""shipper_personal_code"": null}]"
"43_0___出荷者","43_0_55000__出荷者",熊本県,"[{""amount"": 686592, ""shipper_name"": ""43_0_55000__出荷者"", ""shipper_personal_code"": null}, {""amount"": 13937, ""shipper_name"": ""43_0_55000_1029_出荷者"", ""shipper_personal_code"": ""1029""}, {""amount"": 119606, ""shipper_name"": ""43_0_55000_1105_出荷者"", ""shipper_personal_code"": ""1105""}, {""amount"": 163598, ""shipper_name"": ""43_0_55000_3204_出荷者"", ""shipper_personal_code"": ""3204""}]"
"45_0___出荷者","45_0_0017__出荷者",宮崎県,"[{""amount"": 325069, ""shipper_name"": ""45_0_0017__出荷者"", ""shipper_personal_code"": null}]"
"45_0___出荷者","45_0_0101__出荷者",宮崎県,"[{""amount"": 31357, ""shipper_name"": ""45_0_0101__出荷者"", ""shipper_personal_code"": null}]"
"46_3___出荷者","46_3_1__出荷者",鹿児島県,"[{""amount"": 512172, ""shipper_name"": ""46_3_1__出荷者"", ""shipper_personal_code"": null}]"
"46_3___出荷者","46_3_200__出荷者",鹿児島県,"[{""amount"": 119901, ""shipper_name"": ""46_3_200_0002_出荷者"", ""shipper_personal_code"": ""0002""}, {""amount"": 13146, ""shipper_name"": ""46_3_200_0005_出荷者"", ""shipper_personal_code"": ""0005""}]"
"46_3___出荷者","46_3_0050841__出荷者",鹿児島県,"[{""amount"": 16632, ""shipper_name"": ""46_3_0050841_0008_出荷者"", ""shipper_personal_code"": ""0008""}, {""amount"": 14355, ""shipper_name"": ""46_3_0050841_0019_出荷者"", ""shipper_personal_code"": ""0019""}, {""amount"": 27423, ""shipper_name"": ""46_3_0050841_0062_出荷者"", ""shipper_personal_code"": ""0062""}, {""amount"": 6930, ""shipper_name"": ""46_3_0050841_0161_出荷者"", ""shipper_personal_code"": ""0161""}]"
"46_3___出荷者","46_3_0630460__出荷者",鹿児島県,"[{""amount"": 132173, ""shipper_name"": ""46_3_0630460__出荷者"", ""shipper_personal_code"": null}]"
"47_0___出荷者","47_0_98__出荷者",沖縄県,"[{""amount"": 1172691, ""shipper_name"": ""47_0_98__出荷者"", ""shipper_personal_code"": null}]"
"47_3___出荷者","47_3_100__出荷者",沖縄県,"[{""amount"": 1048704, ""shipper_name"": ""47_3_100__出荷者"", ""shipper_personal_code"": null}, {""amount"": 71425, ""shipper_name"": ""47_3_100_1_出荷者"", ""shipper_personal_code"": ""1""}]"
"47_3___出荷者","47_3_1000__出荷者",沖縄県,"[{""amount"": 23642, ""shipper_name"": ""47_3_1000_10_出荷者"", ""shipper_personal_code"": ""10""}]"
"47_5___出荷者","47_5___出荷者",沖縄県,"[{""amount"": 156314, ""shipper_name"": ""47_5__1059_出荷者"", ""shipper_personal_code"": ""1059""}]"
"99_6___出荷者","99_6_125__出荷者",外国,"[{""amount"": 1293614, ""shipper_name"": ""99_6_125__出荷者"", ""shipper_personal_code"": null}]"
"99_6___出荷者","99_6_156__出荷者",外国,"[{""amount"": 168462, ""shipper_name"": ""99_6_156__出荷者"", ""shipper_personal_code"": null}]"
"99_6___出荷者","99_6_196__出荷者",外国,"[{""amount"": 596505, ""shipper_name"": ""99_6_196__出荷者"", ""shipper_personal_code"": null}]"
"99_6___出荷者","99_6_297__出荷者",外国,"[{""amount"": 396874, ""shipper_name"": ""99_6_297__出荷者"", ""shipper_personal_code"": null}]"
"99_6___出荷者","99_6_310__出荷者",外国,"[{""amount"": 650473, ""shipper_name"": ""99_6_310__出荷者"", ""shipper_personal_code"": null}]"
"99_6___出荷者","99_6_318__出荷者",外国,"[{""amount"": 133160, ""shipper_name"": ""99_6_318__出荷者"", ""shipper_personal_code"": null}]"
"99_6___出荷者","99_6_426__出荷者",外国,"[{""amount"": 108499, ""shipper_name"": ""99_6_426__出荷者"", ""shipper_personal_code"": null}]"
"99_6___出荷者","99_6_453__出荷者",外国,"[{""amount"": 179930, ""shipper_name"": ""99_6_453__出荷者"", ""shipper_personal_code"": null}]"
